ID;Date;Title;N_Comments;URL
eusis0;2020-01-27 20:00:57;[Megathread] Coronavirus;9;https://www.reddit.com/r/italy/comments/eusis0/megathread_coronavirus/
ew5w51;2020-01-30 15:03:43;[MegaThread] Coronavirus;1246;https://www.reddit.com/r/italy/comments/ew5w51/megathread_coronavirus/
ey4ugq;2020-02-03 10:53:20;[MegaThread #2] CoronaVirus;447;https://www.reddit.com/r/italy/comments/ey4ugq/megathread_2_coronavirus/
f7t56h;2020-02-22 15:23:45;Coronavirus - Nuovo Megathread;113;https://www.reddit.com/r/italy/comments/f7t56h/coronavirus_nuovo_megathread/
f7txjb;2020-02-22 16:26:35;[MegaThread #3] CoronaVirus;2401;https://www.reddit.com/r/italy/comments/f7txjb/megathread_3_coronavirus/
f87rbo;2020-02-23 11:21:01;[MegaThread #4] CoronaVirus;3739;https://www.reddit.com/r/italy/comments/f87rbo/megathread_4_coronavirus/
f8n5re;2020-02-24 07:28:30;[MegaThread #5] CoronaVirus;4166;https://www.reddit.com/r/italy/comments/f8n5re/megathread_5_coronavirus/
f979ky;2020-02-25 09:33:31;[MegaThread #6] CoronaVirus;3369;https://www.reddit.com/r/italy/comments/f979ky/megathread_6_coronavirus/
f9ppti;2020-02-26 08:36:12;[MegaThread #7] CoronaVirus;2797;https://www.reddit.com/r/italy/comments/f9ppti/megathread_7_coronavirus/
fa7fbw;2020-02-27 06:42:56;Coronavirus - Megathread temporaneo;399;https://www.reddit.com/live/14j9ahk259h93?sync_external=true
fa92ql;2020-02-27 09:28:44;"[Live &amp; MegaThread] Coronavirus * 27/02/20";1839;https://www.reddit.com/live/14j9ahk259h93/
faorb1;2020-02-28 05:00:03;"[Live &amp; MegaThread] Coronavirus * 28/02/20";1783;https://www.reddit.com/live/14j9ahk259h93/
fbokaz;2020-03-01 05:00:04;"[Live &amp; MegaThread] Coronavirus * 01/03/20";1127;https://www.reddit.com/live/14j9ahk259h93/
fc6a3o;2020-03-02 05:00:03;"[Live &amp; MegaThread] Coronavirus * 02/03/20";1276;https://www.reddit.com/live/14j9ahk259h93/
fcoutg;2020-03-03 05:00:03;"[Live &amp; MegaThread] Coronavirus * 03/03/20";1241;https://www.reddit.com/live/14j9ahk259h93/
fd7a8l;2020-03-04 05:00:04;"[Live &amp; MegaThread] Coronavirus * 04/03/20";2074;https://www.reddit.com/live/14j9ahk259h93/
fdpi31;2020-03-05 05:00:05;"[Live &amp; MegaThread] Coronavirus * 05/03/20";1631;https://www.reddit.com/live/14j9ahk259h93/
fe7tlw;2020-03-06 05:00:03;"[Live &amp; MegaThread] Coronavirus * 06/03/20";1701;https://www.reddit.com/live/14j9ahk259h93/
feprhj;2020-03-07 05:00:03;"[Live &amp; MegaThread] Coronavirus * 07/03/20";3308;https://www.reddit.com/live/14j9ahk259h93/
ff74jj;2020-03-08 05:00:03;"[Live &amp; MegaThread] Coronavirus * 08/03/20";4463;https://www.reddit.com/live/14j9ahk259h93/
ffovzh;2020-03-09 05:00:06;"[Live &amp; MegaThread] Coronavirus * 09/03/20";5945;https://www.reddit.com/r/italy/comments/ffovzh/live_megathread_coronavirus_090320/
fg7xtb;2020-03-10 05:00:05;"[Live &amp; MegaThread] Coronavirus * 10/03/20";4659;https://www.reddit.com/r/italy/comments/fg7xtb/live_megathread_coronavirus_100320/
fgr5qx;2020-03-11 05:00:06;"[Live &amp; MegaThread] Coronavirus * 11/03/20";4757;https://www.reddit.com/r/italy/comments/fgr5qx/live_megathread_coronavirus_110320/
fhafi6;2020-03-12 05:00:06;"[Live &amp; MegaThread] Coronavirus * 12/03/20";3655;https://www.reddit.com/r/italy/comments/fhafi6/live_megathread_coronavirus_120320/
fhtp7j;2020-03-13 05:00:05;"[Live &amp; MegaThread] Coronavirus * 13/03/20";3820;https://www.reddit.com/r/italy/comments/fhtp7j/live_megathread_coronavirus_130320/
fico1p;2020-03-14 05:00:05;"[Live &amp; MegaThread] Coronavirus * 14/03/20";3374;https://www.reddit.com/r/italy/comments/fico1p/live_megathread_coronavirus_140320/
fivib3;2020-03-15 05:00:06;"[Live &amp; MegaThread] Coronavirus * 15/03/20";3608;https://www.reddit.com/r/italy/comments/fivib3/live_megathread_coronavirus_150320/
fjeq8w;2020-03-16 05:00:06;"[Live &amp; MegaThread] Coronavirus * 16/03/20";3143;https://www.reddit.com/r/italy/comments/fjeq8w/live_megathread_coronavirus_160320/
fjyq4j;2020-03-17 05:00:06;"[Live &amp; MegaThread] Coronavirus * 17/03/20";2994;https://www.reddit.com/r/italy/comments/fjyq4j/live_megathread_coronavirus_170320/
fkjcbz;2020-03-18 05:00:05;"[Live &amp; MegaThread] Coronavirus * 18/03/20";2418;https://www.reddit.com/r/italy/comments/fkjcbz/live_megathread_coronavirus_180320/
fl3jew;2020-03-19 05:00:05;"[Live &amp; MegaThread] Coronavirus * 19/03/20";3322;https://www.reddit.com/r/italy/comments/fl3jew/live_megathread_coronavirus_190320/
floc14;2020-03-20 05:00:06;"[Live &amp; MegaThread] Coronavirus * 20/03/20";3453;https://www.reddit.com/r/italy/comments/floc14/live_megathread_coronavirus_200320/
fm8zs5;2020-03-21 05:00:06;"[Live &amp; MegaThread] Coronavirus * 21/03/20";4091;https://www.reddit.com/r/italy/comments/fm8zs5/live_megathread_coronavirus_210320/
fmtkil;2020-03-22 05:00:10;"[Live &amp; MegaThread] Coronavirus * 22/03/20";3284;https://www.reddit.com/r/italy/comments/fmtkil/live_megathread_coronavirus_220320/
fndk6d;2020-03-23 05:00:06;"[Live &amp; MegaThread] Coronavirus * 23/03/20";2890;https://www.reddit.com/r/italy/comments/fndk6d/live_megathread_coronavirus_230320/
fnyhj8;2020-03-24 05:00:07;"[Live &amp; MegaThread] Coronavirus * 24/03/20";2397;https://www.reddit.com/r/italy/comments/fnyhj8/live_megathread_coronavirus_240320/
fojrcb;2020-03-25 05:00:09;"[Live &amp; MegaThread] Coronavirus * 25/03/20";2425;https://www.reddit.com/r/italy/comments/fojrcb/live_megathread_coronavirus_250320/
fp4tto;2020-03-26 05:00:08;"[Live &amp; MegaThread] Coronavirus * 26/03/20";2538;https://www.reddit.com/r/italy/comments/fp4tto/live_megathread_coronavirus_260320/
fpq8xb;2020-03-27 05:00:07;"[Live &amp; MegaThread] Coronavirus * 27/03/20";3010;https://www.reddit.com/r/italy/comments/fpq8xb/live_megathread_coronavirus_270320/
fqcwen;2020-03-28 05:00:07;"[Live &amp; MegaThread] Coronavirus * 28/03/20";2345;https://www.reddit.com/r/italy/comments/fqcwen/live_megathread_coronavirus_280320/
fqyk4z;2020-03-29 05:00:07;"[Live &amp; MegaThread] Coronavirus * 29/03/20";1981;https://www.reddit.com/r/italy/comments/fqyk4z/live_megathread_coronavirus_290320/
frj0e0;2020-03-30 05:00:06;"[Live &amp; MegaThread] Coronavirus * 30/03/20";2272;https://www.reddit.com/r/italy/comments/frj0e0/live_megathread_coronavirus_300320/
fs54mu;2020-03-31 05:00:05;"[Live &amp; MegaThread] Coronavirus * 31/03/20";2074;https://www.reddit.com/r/italy/comments/fs54mu/live_megathread_coronavirus_310320/
fsrbbh;2020-04-01 05:00:06;"[Live &amp; MegaThread] Coronavirus * 01/04/20";1769;https://www.reddit.com/r/italy/comments/fsrbbh/live_megathread_coronavirus_010420/
ftemzt;2020-04-02 05:00:08;"[Live &amp; MegaThread] Coronavirus * 02/04/20";1608;https://www.reddit.com/r/italy/comments/ftemzt/live_megathread_coronavirus_020420/
fu0dzp;2020-04-03 05:00:06;"[Live &amp; MegaThread] Coronavirus * 03/04/20";1748;https://www.reddit.com/r/italy/comments/fu0dzp/live_megathread_coronavirus_030420/
fum6et;2020-04-04 05:00:08;"[Live &amp; MegaThread] Coronavirus * 04/04/20";1543;https://www.reddit.com/r/italy/comments/fum6et/live_megathread_coronavirus_040420/
fv6pli;2020-04-05 05:00:08;"[Live &amp; MegaThread] Coronavirus * 05/04/20";1586;https://www.reddit.com/r/italy/comments/fv6pli/live_megathread_coronavirus_050420/
fvqxv3;2020-04-06 05:00:08;"[Live &amp; MegaThread] Coronavirus * 06/04/20";1962;https://www.reddit.com/r/italy/comments/fvqxv3/live_megathread_coronavirus_060420/
fwcqqi;2020-04-07 05:00:07;"[Live &amp; MegaThread] Coronavirus * 07/04/20";1710;https://www.reddit.com/r/italy/comments/fwcqqi/live_megathread_coronavirus_070420/
fwyhx5;2020-04-08 05:00:06;"[Live &amp; MegaThread] Coronavirus * 08/04/20";1711;https://www.reddit.com/r/italy/comments/fwyhx5/live_megathread_coronavirus_080420/
fxkkx3;2020-04-09 05:00:08;"[Live &amp; MegaThread] Coronavirus * 09/04/20";2151;https://www.reddit.com/r/italy/comments/fxkkx3/live_megathread_coronavirus_090420/
fy6vcx;2020-04-10 05:00:07;"[Live &amp; MegaThread] Coronavirus * 10/04/20";2090;https://www.reddit.com/r/italy/comments/fy6vcx/live_megathread_coronavirus_100420/
fyv5q1;2020-04-11 05:00:06;"[Live &amp; MegaThread] Coronavirus * 11/04/20";1607;https://www.reddit.com/r/italy/comments/fyv5q1/live_megathread_coronavirus_110420/
fzosfe;2020-04-12 05:00:07;"[Live &amp; MegaThread] Coronavirus * 12/04/20";1050;https://www.reddit.com/r/italy/comments/fzosfe/live_megathread_coronavirus_120420/
g0ait0;2020-04-13 05:00:08;"[Live &amp; MegaThread] Coronavirus * 13/04/20";1943;https://www.reddit.com/r/italy/comments/g0ait0/live_megathread_coronavirus_130420/
g0xk8k;2020-04-14 05:00:05;"[Live &amp; MegaThread] Coronavirus * 14/04/20";2131;https://www.reddit.com/r/italy/comments/g0xk8k/live_megathread_coronavirus_140420/
g1jqcg;2020-04-15 05:00:06;"[Live &amp; MegaThread] Coronavirus * 15/04/20";2027;https://www.reddit.com/r/italy/comments/g1jqcg/live_megathread_coronavirus_150420/
g26s6y;2020-04-16 05:00:07;"[Live &amp; MegaThread] Coronavirus * 16/04/20";2114;https://www.reddit.com/r/italy/comments/g26s6y/live_megathread_coronavirus_160420/
g2tox0;2020-04-17 05:00:06;"[Live &amp; MegaThread] Coronavirus * 17/04/20";1510;https://www.reddit.com/r/italy/comments/g2tox0/live_megathread_coronavirus_170420/
g3gbdl;2020-04-18 05:00:06;"[Live &amp; MegaThread] Coronavirus * 18/04/20";1483;https://www.reddit.com/r/italy/comments/g3gbdl/live_megathread_coronavirus_180420/
g40dhw;2020-04-19 05:00:05;"[Live &amp; MegaThread] Coronavirus * 19/04/20";1082;https://www.reddit.com/r/italy/comments/g40dhw/live_megathread_coronavirus_190420/
g4kzn2;2020-04-20 05:00:09;"[Live &amp; MegaThread] Coronavirus * 20/04/20";1507;https://www.reddit.com/r/italy/comments/g4kzn2/live_megathread_coronavirus_200420/
g57ajh;2020-04-21 05:00:06;"[Live &amp; MegaThread] Coronavirus * 21/04/20";1551;https://www.reddit.com/r/italy/comments/g57ajh/live_megathread_coronavirus_210420/
g5tk7h;2020-04-22 05:10:09;"[Live &amp; MegaThread] Coronavirus * 22/04/20";1372;https://www.reddit.com/r/italy/comments/g5tk7h/live_megathread_coronavirus_220420/
g6f7pd;2020-04-23 05:10:04;"[Live &amp; MegaThread] Coronavirus * 23/04/20";1123;https://www.reddit.com/r/italy/comments/g6f7pd/live_megathread_coronavirus_230420/
g70tq9;2020-04-24 05:10:04;"[Live &amp; MegaThread] Coronavirus * 24/04/20";1103;https://www.reddit.com/r/italy/comments/g70tq9/live_megathread_coronavirus_240420/
g7me8o;2020-04-25 05:10:06;"[Live &amp; MegaThread] Coronavirus * 25/04/20";802;https://www.reddit.com/r/italy/comments/g7me8o/live_megathread_coronavirus_250420/
g9087d;2020-04-27 14:59:59;Megathread Coronavirus 27 aprile;972;https://www.reddit.com/r/italy/comments/g9087d/megathread_coronavirus_27_aprile/
g9djwj;2020-04-28 03:05:22;Megathread Coronavirus 28 aprile;1348;https://www.reddit.com/r/italy/comments/g9djwj/megathread_coronavirus_28_aprile/
ga05da;2020-04-29 03:25:59;Megathread Coronavirus * 29/04/20;804;https://www.reddit.com/r/italy/comments/ga05da/megathread_coronavirus_290420/
gamqm3;2020-04-30 03:56:36;Megathread Coronavirus * 30/04/20 Coronavirus;1027;https://www.reddit.com/r/italy/comments/gamqm3/megathread_coronavirus_300420_coronavirus/
gb8q8s;2020-05-01 03:16:25;Megathread Coronavirus * 01/05/20;617;https://www.reddit.com/r/italy/comments/gb8q8s/megathread_coronavirus_010520/
gbx1a2;2020-05-02 03:37:33;Megathread Coronavirus * 02/05/20;1052;https://www.reddit.com/r/italy/comments/gbx1a2/megathread_coronavirus_020520/
gchxfo;2020-05-03 03:18:53;Megathread Coronavirus * 03/05/20;742;https://www.reddit.com/r/italy/comments/gchxfo/megathread_coronavirus_030520/
gd2yzw;2020-05-04 04:09:21;Megathread Coronavirus * 04/05/20;925;https://www.reddit.com/r/italy/comments/gd2yzw/megathread_coronavirus_040520/
gdo9o3;2020-05-05 03:10:26;Megathread Coronavirus * 05/05/20;539;https://www.reddit.com/r/italy/comments/gdo9o3/megathread_coronavirus_050520/
gead0v;2020-05-06 03:09:10;Megathread Coronavirus * 06/05/20;501;https://www.reddit.com/r/italy/comments/gead0v/megathread_coronavirus_060520/
gex2s7;2020-05-07 03:23:14;Megathread Coronavirus * 07/05/20;521;https://www.reddit.com/r/italy/comments/gex2s7/megathread_coronavirus_070520/
gfjrni;2020-05-08 03:31:10;Megathread Coronavirus * 08/05/20;597;https://www.reddit.com/r/italy/comments/gfjrni/megathread_coronavirus_080520/
gg5yq6;2020-05-09 03:17:03;Megathread Coronavirus * 09/05/20;313;https://www.reddit.com/r/italy/comments/gg5yq6/megathread_coronavirus_090520/
ggqrld;2020-05-10 02:01:16;Megathread Coronavirus * 10/05/20;316;https://www.reddit.com/r/italy/comments/ggqrld/megathread_coronavirus_100520/
ghe13x;2020-05-11 03:24:57;Megathread Coronavirus * 11/05/20;359;https://www.reddit.com/r/italy/comments/ghe13x/megathread_coronavirus_110520/
gi18bs;2020-05-12 03:30:30;Megathread Coronavirus * 12/05/20;358;https://www.reddit.com/r/italy/comments/gi18bs/megathread_coronavirus_120520/
gip1vz;2020-05-13 03:25:15;Megathread Coronavirus * 13/05/20;303;https://www.reddit.com/r/italy/comments/gip1vz/megathread_coronavirus_130520/
gjcaxk;2020-05-14 03:13:52;Megathread Coronavirus * 14/05/20;325;https://www.reddit.com/r/italy/comments/gjcaxk/megathread_coronavirus_140520/
gjzde5;2020-05-15 03:04:11;Megathread Coronavirus * 15/05/20;324;https://www.reddit.com/r/italy/comments/gjzde5/megathread_coronavirus_150520/
gklkgi;2020-05-16 03:03:18;Megathread Coronavirus * 16/05/20;532;https://www.reddit.com/r/italy/comments/gklkgi/megathread_coronavirus_160520/
gl69wc;2020-05-17 03:05:34;Megathread Coronavirus * 17/05/20;422;https://www.reddit.com/r/italy/comments/gl69wc/megathread_coronavirus_170520/
gls4zu;2020-05-18 03:44:01;Megathread Coronavirus * 18/05/20;438;https://www.reddit.com/r/italy/comments/gls4zu/megathread_coronavirus_180520/
gmem9i;2020-05-19 03:09:53;Megathread Coronavirus * 19/05/20;310;https://www.reddit.com/r/italy/comments/gmem9i/megathread_coronavirus_190520/
gn1wdq;2020-05-20 03:26:06;Megathread Coronavirus * 20/05/20;330;https://www.reddit.com/r/italy/comments/gn1wdq/megathread_coronavirus_200520/
gnnhyk;2020-05-21 03:24:56;Megathread Coronavirus * 21/05/20;229;https://www.reddit.com/r/italy/comments/gnnhyk/megathread_coronavirus_210520/
go9h4e;2020-05-22 03:02:49;Megathread Coronavirus * 22/05/20;212;https://www.reddit.com/r/italy/comments/go9h4e/megathread_coronavirus_220520/
gow625;2020-05-23 03:28:09;Megathread Coronavirus * 23/05/20;224;https://www.reddit.com/r/italy/comments/gow625/megathread_coronavirus_230520/
gpgpwe;2020-05-24 03:15:05;Megathread Coronavirus * 24/05/20;278;https://www.reddit.com/r/italy/comments/gpgpwe/megathread_coronavirus_240520/
gq1kio;2020-05-25 03:16:57;Megathread Coronavirus * 25/05/20;377;https://www.reddit.com/r/italy/comments/gq1kio/megathread_coronavirus_250520/
gqnbtw;2020-05-26 03:08:25;Megathread Coronavirus * 26/05/20;251;https://www.reddit.com/r/italy/comments/gqnbtw/megathread_coronavirus_260520/
gra04a;2020-05-27 03:20:45;Megathread Coronavirus * 27/05/20;199;https://www.reddit.com/r/italy/comments/gra04a/megathread_coronavirus_270520/
grw9il;2020-05-28 02:55:46;Megathread Coronavirus * 28/05/20;218;https://www.reddit.com/r/italy/comments/grw9il/megathread_coronavirus_280520/
gsj3xe;2020-05-29 03:13:57;Megathread Coronavirus * 29/05/20;240;https://www.reddit.com/r/italy/comments/gsj3xe/megathread_coronavirus_290520/
gt4ewl;2020-05-30 02:13:38;Megathread Coronavirus * 30/05/20;180;https://www.reddit.com/r/italy/comments/gt4ewl/megathread_coronavirus_300520/
gtpjwz;2020-05-31 02:49:09;Megathread Coronavirus * 31/05/20;215;https://www.reddit.com/r/italy/comments/gtpjwz/megathread_coronavirus_310520/
